Data Source,World Development Indicators,,,,,,,,,,,,
,,,,,,,,,,,,,
Last Updated Date,2025-10-07,,,,,,,,,,,,
,,,,,,,,,,,,,
Country Name,Country Code,Indicator Name,Indicator Code,2015,2016,2017,2018,2019,2020,2021,2022,2023,2024
Aruba,ABW,"Educational attainment, at least completed post-secondary, population 25+, female (%) (cumulative)",SE.SEC.CUAT.PO.FE.ZS,,,,,,,,,,
Africa Eastern and Southern,AFE,"Educational attainment, at least completed post-secondary, population 25+, female (%) (cumulative)",SE.SEC.CUAT.PO.FE.ZS,,,,,,,,,,
Afghanistan,AFG,"Educational attainment, at least completed post-secondary, population 25+, female (%) (cumulative)",SE.SEC.CUAT.PO.FE.ZS,,,1.933274473,,,2.747774402,2.539999962,,,
Africa Western and Central,AFW,"Educational attainment, at least completed post-secondary, population 25+, female (%) (cumulative)",SE.SEC.CUAT.PO.FE.ZS,,,,,,,,,,
Angola,AGO,"Educational attainment, at least completed post-secondary, population 25+, female (%) (cumulative)",SE.SEC.CUAT.PO.FE.ZS,,,,,3.758872755,,2.966713025,,,
Albania,ALB,"Educational attainment, at least completed post-secondary, population 25+, female (%) (cumulative)",SE.SEC.CUAT.PO.FE.ZS,,14.31253948,15.53784691,17.50093119,,,,,,
Andorra,AND,"Educational attainment, at least completed post-secondary, population 25+, female (%) (cumulative)",SE.SEC.CUAT.PO.FE.ZS,32.86999893,32.63000107,,,,,,40.15999985,,
Arab World,ARB,"Educational attainment, at least completed post-secondary, population 25+, female (%) (cumulative)",SE.SEC.CUAT.PO.FE.ZS,,,,,,,,,,
United Arab Emirates,ARE,"Educational attainment, at least completed post-secondary, population 25+, female (%) (cumulative)",SE.SEC.CUAT.PO.FE.ZS,,,49.18000031,52.47000122,53.65000153,,56.40999985,57.00999832,62.02000046,61.24000168
Argentina,ARG,"Educational attainment, at least completed post-secondary, population 25+, female (%) (cumulative)",SE.SEC.CUAT.PO.FE.ZS,,,,,,,,,,
Armenia,ARM,"Educational attainment, at least completed post-secondary, population 25+, female (%) (cumulative)",SE.SEC.CUAT.PO.FE.ZS,,,48.31999969,53.75780311,,48.00999832,,55.46694123,55.46251138,
American Samoa,ASM,"Educational attainment, at least completed post-secondary, population 25+, female (%) (cumulative)",SE.SEC.CUAT.PO.FE.ZS,,,,,,,,,,
Antigua and Barbuda,ATG,"Educational attainment, at least completed post-secondary, population 25+, female (%) (cumulative)",SE.SEC.CUAT.PO.FE.ZS,,,,28.88138651,,,,,31.3241537,
Australia,AUS,"Educational attainment, at least completed post-secondary, population 25+, female (%) (cumulative)",SE.SEC.CUAT.PO.FE.ZS,49.31999969,50.06000137,51.84999847,53,53.59999847,56.11999893,56.45999908,58.43999863,55.68103589,55.83662744
Austria,AUT,"Educational attainment, at least completed post-secondary, population 25+, female (%) (cumulative)",SE.SEC.CUAT.PO.FE.ZS,27.17000008,28.25,29.18000031,29.5081007,30.81999969,31.18269361,32.30562465,,,
Azerbaijan,AZE,"Educational attainment, at least completed post-secondary, population 25+, female (%) (cumulative)",SE.SEC.CUAT.PO.FE.ZS,26.04000092,26.07999992,25.97999954,25.92000008,25.84000015,,,,31.27000046,
Burundi,BDI,"Educational attainment, at least completed post-secondary, population 25+, female (%) (cumulative)",SE.SEC.CUAT.PO.FE.ZS,,,,,,,,,,
Belgium,BEL,"Educational attainment, at least completed post-secondary, population 25+, female (%) (cumulative)",SE.SEC.CUAT.PO.FE.ZS,33.83000183,34.25999832,37.06999969,36.70572936,38.45000076,39.5096923,41.12700393,39.96479883,41.11667955,
Benin,BEN,"Educational attainment, at least completed post-secondary, population 25+, female (%) (cumulative)",SE.SEC.CUAT.PO.FE.ZS,,,,,2.974374605,,,2.570512894,,
Burkina Faso,BFA,"Educational attainment, at least completed post-secondary, population 25+, female (%) (cumulative)",SE.SEC.CUAT.PO.FE.ZS,,,,1.379999995,1.570589847,,,1.244412027,3.052564284,1.84781819
Bangladesh,BGD,"Educational attainment, at least completed post-secondary, population 25+, female (%) (cumulative)",SE.SEC.CUAT.PO.FE.ZS,9.899999619,10.02999973,10.68000031,11.42000008,11.97999954,,13.57999992,,5.376888616,
Bulgaria,BGR,"Educational attainment, at least completed post-secondary, population 25+, female (%) (cumulative)",SE.SEC.CUAT.PO.FE.ZS,28.19000053,28.32999992,28.47999954,29.72588308,28.72129855,29.62000084,29.85125205,29.88640757,30.44015454,
Bahrain,BHR,"Educational attainment, at least completed post-secondary, population 25+, female (%) (cumulative)",SE.SEC.CUAT.PO.FE.ZS,,25.71999931,26.57999992,36.13999939,,33.66999817,,47.02000046,51.11000061,50.59999847
"Bahamas, The",BHS,"Educational attainment, at least completed post-secondary, population 25+, female (%) (cumulative)",SE.SEC.CUAT.PO.FE.ZS,,,,,,,,,,
Bosnia and Herzegovina,BIH,"Educational attainment, at least completed post-secondary, population 25+, female (%) (cumulative)",SE.SEC.CUAT.PO.FE.ZS,9.989999771,10.47000027,7.516605613,10.47999954,7.321483616,13.23999977,,15.14999962,20.17592465,
Belarus,BLR,"Educational attainment, at least completed post-secondary, population 25+, female (%) (cumulative)",SE.SEC.CUAT.PO.FE.ZS,,,,,73.33999634,,,,,
Belize,BLZ,"Educational attainment, at least completed post-secondary, population 25+, female (%) (cumulative)",SE.SEC.CUAT.PO.FE.ZS,,,,24.00325767,19.19186587,22.87999916,,,,
Bermuda,BMU,"Educational attainment, at least completed post-secondary, population 25+, female (%) (cumulative)",SE.SEC.CUAT.PO.FE.ZS,,57.90999985,,,,,,,,
Bolivia,BOL,"Educational attainment, at least completed post-secondary, population 25+, female (%) (cumulative)",SE.SEC.CUAT.PO.FE.ZS,26,18.28682644,20.7361455,22.22145433,29.62999916,30.05999947,27.60950388,30.08074686,31.28784138,
Brazil,BRA,"Educational attainment, at least completed post-secondary, population 25+, female (%) (cumulative)",SE.SEC.CUAT.PO.FE.ZS,,,,,,,,,,
Barbados,BRB,"Educational attainment, at least completed post-secondary, population 25+, female (%) (cumulative)",SE.SEC.CUAT.PO.FE.ZS,,,,,,,,,,
Brunei Darussalam,BRN,"Educational attainment, at least completed post-secondary, population 25+, female (%) (cumulative)",SE.SEC.CUAT.PO.FE.ZS,,,20.02742023,21.94006823,25.17624165,23.43223646,23.98719497,,42.21435495,
Bhutan,BTN,"Educational attainment, at least completed post-secondary, population 25+, female (%) (cumulative)",SE.SEC.CUAT.PO.FE.ZS,,,7.989999771,,,,,9.089160665,,
Botswana,BWA,"Educational attainment, at least completed post-secondary, population 25+, female (%) (cumulative)",SE.SEC.CUAT.PO.FE.ZS,,,,,29.50159612,28.17235944,29.15691504,29.24021288,29.43368059,
Central African Republic,CAF,"Educational attainment, at least completed post-secondary, population 25+, female (%) (cumulative)",SE.SEC.CUAT.PO.FE.ZS,,,,,,,,,,
Canada,CAN,"Educational attainment, at least completed post-secondary, population 25+, female (%) (cumulative)",SE.SEC.CUAT.PO.FE.ZS,61.03009767,60.43000031,62.89862191,63.96917593,65.1168569,66.14742453,62.91999817,68.60059649,69.21658321,70.16468232
Central Europe and the Baltics,CEB,"Educational attainment, at least completed post-secondary, population 25+, female (%) (cumulative)",SE.SEC.CUAT.PO.FE.ZS,,,,,,,,,,
Switzerland,CHE,"Educational attainment, at least completed post-secondary, population 25+, female (%) (cumulative)",SE.SEC.CUAT.PO.FE.ZS,28.86876051,29.77811437,31.01553027,32.86889007,33.88860964,35.23952327,35.20972444,35.15378285,36.73429068,37.27653608
Channel Islands,CHI,"Educational attainment, at least completed post-secondary, population 25+, female (%) (cumulative)",SE.SEC.CUAT.PO.FE.ZS,,,,,,,,,,
Chile,CHL,"Educational attainment, at least completed post-secondary, population 25+, female (%) (cumulative)",SE.SEC.CUAT.PO.FE.ZS,,,,,,,,,,
China,CHN,"Educational attainment, at least completed post-secondary, population 25+, female (%) (cumulative)",SE.SEC.CUAT.PO.FE.ZS,,,,,,15.42000008,,,,
Cote d'Ivoire,CIV,"Educational attainment, at least completed post-secondary, population 25+, female (%) (cumulative)",SE.SEC.CUAT.PO.FE.ZS,,3.600369664,,,,,6.760000229,,,
Cameroon,CMR,"Educational attainment, at least completed post-secondary, population 25+, female (%) (cumulative)",SE.SEC.CUAT.PO.FE.ZS,,,,,,,,,,
"Congo, Dem. Rep.",COD,"Educational attainment, at least completed post-secondary, population 25+, female (%) (cumulative)",SE.SEC.CUAT.PO.FE.ZS,,,,,,,,,,
"Congo, Rep.",COG,"Educational attainment, at least completed post-secondary, population 25+, female (%) (cumulative)",SE.SEC.CUAT.PO.FE.ZS,,,,,,,,,,
Colombia,COL,"Educational attainment, at least completed post-secondary, population 25+, female (%) (cumulative)",SE.SEC.CUAT.PO.FE.ZS,,,,,23.19000053,24.27000046,,28.16192396,28.6159326,28.79502996
Comoros,COM,"Educational attainment, at least completed post-secondary, population 25+, female (%) (cumulative)",SE.SEC.CUAT.PO.FE.ZS,,,,,,,13.7413517,,,
Cabo Verde,CPV,"Educational attainment, at least completed post-secondary, population 25+, female (%) (cumulative)",SE.SEC.CUAT.PO.FE.ZS,12.31999969,,,,,,,,,
Costa Rica,CRI,"Educational attainment, at least completed post-secondary, population 25+, female (%) (cumulative)",SE.SEC.CUAT.PO.FE.ZS,,,,,,,,,,
Caribbean small states,CSS,"Educational attainment, at least completed post-secondary, population 25+, female (%) (cumulative)",SE.SEC.CUAT.PO.FE.ZS,,,,,,,,,,
Cuba,CUB,"Educational attainment, at least completed post-secondary, population 25+, female (%) (cumulative)",SE.SEC.CUAT.PO.FE.ZS,,,,,,,,,,
Curacao,CUW,"Educational attainment, at least completed post-secondary, population 25+, female (%) (cumulative)",SE.SEC.CUAT.PO.FE.ZS,,,,,,,,,,
Cayman Islands,CYM,"Educational attainment, at least completed post-secondary, population 25+, female (%) (cumulative)",SE.SEC.CUAT.PO.FE.ZS,55.68000031,,,,,,,,,
Cyprus,CYP,"Educational attainment, at least completed post-secondary, population 25+, female (%) (cumulative)",SE.SEC.CUAT.PO.FE.ZS,38.54000092,40.56999969,40.4603449,41.83000183,42.77977036,43.18999863,45.04381934,45.51589696,46.91369528,
Czechia,CZE,"Educational attainment, at least completed post-secondary, population 25+, female (%) (cumulative)",SE.SEC.CUAT.PO.FE.ZS,19.23999977,19.75,,,,,,,,
Germany,DEU,"Educational attainment, at least completed post-secondary, population 25+, female (%) (cumulative)",SE.SEC.CUAT.PO.FE.ZS,31.31999969,32.81000137,33.74710146,33.59000015,36.05526022,37.68000031,38.02321572,38.86379299,40.96135174,
Djibouti,DJI,"Educational attainment, at least completed post-secondary, population 25+, female (%) (cumulative)",SE.SEC.CUAT.PO.FE.ZS,,,4.102814946,,,,,,,
Dominica,DMA,"Educational attainment, at least completed post-secondary, population 25+, female (%) (cumulative)",SE.SEC.CUAT.PO.FE.ZS,,,,,,,,,,
Denmark,DNK,"Educational attainment, at least completed post-secondary, population 25+, female (%) (cumulative)",SE.SEC.CUAT.PO.FE.ZS,39.11000061,39.38000107,38.04468192,41.90000153,39.80975538,42.43000031,41.49036191,42.78064429,43.03307707,
Dominican Republic,DOM,"Educational attainment, at least completed post-secondary, population 25+, female (%) (cumulative)",SE.SEC.CUAT.PO.FE.ZS,,25.86000061,,,,,,,,
Algeria,DZA,"Educational attainment, at least completed post-secondary, population 25+, female (%) (cumulative)",SE.SEC.CUAT.PO.FE.ZS,,,,,,,,,,
East Asia & Pacific (excluding high income),EAP,"Educational attainment, at least completed post-secondary, population 25+, female (%) (cumulative)",SE.SEC.CUAT.PO.FE.ZS,,,,,,,,,,
Early-demographic dividend,EAR,"Educational attainment, at least completed post-secondary, population 25+, female (%) (cumulative)",SE.SEC.CUAT.PO.FE.ZS,,,,,,,,,,
East Asia & Pacific,EAS,"Educational attainment, at least completed post-secondary, population 25+, female (%) (cumulative)",SE.SEC.CUAT.PO.FE.ZS,,,,,,,,,,
Europe & Central Asia (excluding high income),ECA,"Educational attainment, at least completed post-secondary, population 25+, female (%) (cumulative)",SE.SEC.CUAT.PO.FE.ZS,,,,,,,,,,
Europe & Central Asia,ECS,"Educational attainment, at least completed post-secondary, population 25+, female (%) (cumulative)",SE.SEC.CUAT.PO.FE.ZS,,,,,,,,,,
Ecuador,ECU,"Educational attainment, at least completed post-secondary, population 25+, female (%) (cumulative)",SE.SEC.CUAT.PO.FE.ZS,14.17000008,14.01000023,15.06999969,,,14.90999985,15.63000011,20.60000038,,
"Egypt, Arab Rep.",EGY,"Educational attainment, at least completed post-secondary, population 25+, female (%) (cumulative)",SE.SEC.CUAT.PO.FE.ZS,,,29.34000015,,,18.20195259,18.67741013,19.03664218,19.99599606,
Euro area,EMU,"Educational attainment, at least completed post-secondary, population 25+, female (%) (cumulative)",SE.SEC.CUAT.PO.FE.ZS,,,,,,,,,,
Eritrea,ERI,"Educational attainment, at least completed post-secondary, population 25+, female (%) (cumulative)",SE.SEC.CUAT.PO.FE.ZS,,,,,,,,,,
Spain,ESP,"Educational attainment, at least completed post-secondary, population 25+, female (%) (cumulative)",SE.SEC.CUAT.PO.FE.ZS,29.55999947,30.28000069,32.1033062,31.47999954,33.47300996,34.09999847,35.86280706,35.62448393,37.31353181,
Estonia,EST,"Educational attainment, at least completed post-secondary, population 25+, female (%) (cumulative)",SE.SEC.CUAT.PO.FE.ZS,,,,,,54.90000153,55.45923375,57.68441872,58.47198906,
Ethiopia,ETH,"Educational attainment, at least completed post-secondary, population 25+, female (%) (cumulative)",SE.SEC.CUAT.PO.FE.ZS,,,,,,,6.565860293,,,
European Union,EUU,"Educational attainment, at least completed post-secondary, population 25+, female (%) (cumulative)",SE.SEC.CUAT.PO.FE.ZS,,,,,,,,,,
Fragile and conflict affected situations,FCS,"Educational attainment, at least completed post-secondary, population 25+, female (%) (cumulative)",SE.SEC.CUAT.PO.FE.ZS,,,,,,,,,,
Finland,FIN,"Educational attainment, at least completed post-secondary, population 25+, female (%) (cumulative)",SE.SEC.CUAT.PO.FE.ZS,38.72999954,43.44079386,40.11999893,45.30336182,41.74000168,46.96091967,43.58622395,43.98661446,44.70789057,
Fiji,FJI,"Educational attainment, at least completed post-secondary, population 25+, female (%) (cumulative)",SE.SEC.CUAT.PO.FE.ZS,,,,,,,,,,
France,FRA,"Educational attainment, at least completed post-secondary, population 25+, female (%) (cumulative)",SE.SEC.CUAT.PO.FE.ZS,31.28000069,30.28000069,30.97999954,32.37747183,33.13000107,34.88131412,37.36387115,38.25161943,39.04963806,
Faroe Islands,FRO,"Educational attainment, at least completed post-secondary, population 25+, female (%) (cumulative)",SE.SEC.CUAT.PO.FE.ZS,,,,,,,,,,
"Micronesia, Fed. Sts.",FSM,"Educational attainment, at least completed post-secondary, population 25+, female (%) (cumulative)",SE.SEC.CUAT.PO.FE.ZS,,,,,,,,,,
Gabon,GAB,"Educational attainment, at least completed post-secondary, population 25+, female (%) (cumulative)",SE.SEC.CUAT.PO.FE.ZS,,,,,,,,,,
United Kingdom,GBR,"Educational attainment, at least completed post-secondary, population 25+, female (%) (cumulative)",SE.SEC.CUAT.PO.FE.ZS,,,,,,,,,,
Georgia,GEO,"Educational attainment, at least completed post-secondary, population 25+, female (%) (cumulative)",SE.SEC.CUAT.PO.FE.ZS,58.80185632,54.63999939,61.61999893,60.98253943,60.09000015,58.21154906,58.05326473,57.93000031,57.89747401,57.08000183
Ghana,GHA,"Educational attainment, at least completed post-secondary, population 25+, female (%) (cumulative)",SE.SEC.CUAT.PO.FE.ZS,7.398263421,,6.998045333,,,,11.63549593,7.224166239,,
Gibraltar,GIB,"Educational attainment, at least completed post-secondary, population 25+, female (%) (cumulative)",SE.SEC.CUAT.PO.FE.ZS,,,,,,,,,,
Guinea,GIN,"Educational attainment, at least completed post-secondary, population 25+, female (%) (cumulative)",SE.SEC.CUAT.PO.FE.ZS,,,,2.839999914,,,,,,
"Gambia, The",GMB,"Educational attainment, at least completed post-secondary, population 25+, female (%) (cumulative)",SE.SEC.CUAT.PO.FE.ZS,,,,6.57117945,,,,,8.034624747,
Guinea-Bissau,GNB,"Educational attainment, at least completed post-secondary, population 25+, female (%) (cumulative)",SE.SEC.CUAT.PO.FE.ZS,,,,2.61765244,,,,3.94639766,,
Equatorial Guinea,GNQ,"Educational attainment, at least completed post-secondary, population 25+, female (%) (cumulative)",SE.SEC.CUAT.PO.FE.ZS,,,,,,,,,,
Greece,GRC,"Educational attainment, at least completed post-secondary, population 25+, female (%) (cumulative)",SE.SEC.CUAT.PO.FE.ZS,30.10000038,26.37999916,32.42881906,33.06862839,33.07833268,34.27000046,36.18041031,36.85784495,36.50009734,37.86192005
Grenada,GRD,"Educational attainment, at least completed post-secondary, population 25+, female (%) (cumulative)",SE.SEC.CUAT.PO.FE.ZS,,,,20.16158075,23.61139264,25.62408643,25.58437516,,31.48070236,
Greenland,GRL,"Educational attainment, at least completed post-secondary, population 25+, female (%) (cumulative)",SE.SEC.CUAT.PO.FE.ZS,,,,,,,,,,
Guatemala,GTM,"Educational attainment, at least completed post-secondary, population 25+, female (%) (cumulative)",SE.SEC.CUAT.PO.FE.ZS,,,,,4.269999981,,,,3.83363437,
Guam,GUM,"Educational attainment, at least completed post-secondary, population 25+, female (%) (cumulative)",SE.SEC.CUAT.PO.FE.ZS,,,,,,,,,,
Guyana,GUY,"Educational attainment, at least completed post-secondary, population 25+, female (%) (cumulative)",SE.SEC.CUAT.PO.FE.ZS,,,,11.44182993,11.95455233,,,,,
High income,HIC,"Educational attainment, at least completed post-secondary, population 25+, female (%) (cumulative)",SE.SEC.CUAT.PO.FE.ZS,,,,,,,,,,
"Hong Kong SAR, China",HKG,"Educational attainment, at least completed post-secondary, population 25+, female (%) (cumulative)",SE.SEC.CUAT.PO.FE.ZS,24.81999969,,26.15999985,,28.21999931,,,29.82999992,,
Honduras,HND,"Educational attainment, at least completed post-secondary, population 25+, female (%) (cumulative)",SE.SEC.CUAT.PO.FE.ZS,,,5.759867531,,,,,,7.709508607,8.253642008
Heavily indebted poor countries (HIPC),HPC,"Educational attainment, at least completed post-secondary, population 25+, female (%) (cumulative)",SE.SEC.CUAT.PO.FE.ZS,,,,,,,,,,
Croatia,HRV,"Educational attainment, at least completed post-secondary, population 25+, female (%) (cumulative)",SE.SEC.CUAT.PO.FE.ZS,,,22.42051942,23.63476628,23.91917177,24.55170895,24.86209544,25.09742213,27.44290931,
Haiti,HTI,"Educational attainment, at least completed post-secondary, population 25+, female (%) (cumulative)",SE.SEC.CUAT.PO.FE.ZS,,,,,,,,,,
Hungary,HUN,"Educational attainment, at least completed post-secondary, population 25+, female (%) (cumulative)",SE.SEC.CUAT.PO.FE.ZS,29.06999969,28.88999939,29.45671414,30.80823073,31.31792685,32.91999817,33.36389101,32.90490108,34.00381247,
IBRD only,IBD,"Educational attainment, at least completed post-secondary, population 25+, female (%) (cumulative)",SE.SEC.CUAT.PO.FE.ZS,,,,,,,,,,
IDA & IBRD total,IBT,"Educational attainment, at least completed post-secondary, population 25+, female (%) (cumulative)",SE.SEC.CUAT.PO.FE.ZS,,,,,,,,,,
IDA total,IDA,"Educational attainment, at least completed post-secondary, population 25+, female (%) (cumulative)",SE.SEC.CUAT.PO.FE.ZS,,,,,,,,,,
IDA blend,IDB,"Educational attainment, at least completed post-secondary, population 25+, female (%) (cumulative)",SE.SEC.CUAT.PO.FE.ZS,,,,,,,,,,
Indonesia,IDN,"Educational attainment, at least completed post-secondary, population 25+, female (%) (cumulative)",SE.SEC.CUAT.PO.FE.ZS,,,,,,,,,12.31126634,
IDA only,IDX,"Educational attainment, at least completed post-secondary, population 25+, female (%) (cumulative)",SE.SEC.CUAT.PO.FE.ZS,,,,,,,,,,
Isle of Man,IMN,"Educational attainment, at least completed post-secondary, population 25+, female (%) (cumulative)",SE.SEC.CUAT.PO.FE.ZS,,,,,,,,,,
India,IND,"Educational attainment, at least completed post-secondary, population 25+, female (%) (cumulative)",SE.SEC.CUAT.PO.FE.ZS,,,,7.940000057,,10.48999977,,10.32999992,12.18000031,
Not classified,INX,"Educational attainment, at least completed post-secondary, population 25+, female (%) (cumulative)",SE.SEC.CUAT.PO.FE.ZS,,,,,,,,,,
Ireland,IRL,"Educational attainment, at least completed post-secondary, population 25+, female (%) (cumulative)",SE.SEC.CUAT.PO.FE.ZS,54.10442044,,43.90000153,,,,,,65.90147558,
"Iran, Islamic Rep.",IRN,"Educational attainment, at least completed post-secondary, population 25+, female (%) (cumulative)",SE.SEC.CUAT.PO.FE.ZS,,,,,,,,,,
Iraq,IRQ,"Educational attainment, at least completed post-secondary, population 25+, female (%) (cumulative)",SE.SEC.CUAT.PO.FE.ZS,,,,,,,12.30820574,,,
Iceland,ISL,"Educational attainment, at least completed post-secondary, population 25+, female (%) (cumulative)",SE.SEC.CUAT.PO.FE.ZS,45.61340167,47.20997411,49.80130066,52.23192284,48.47999954,47.86999893,47.55133289,50.37095519,51.89920366,
Israel,ISR,"Educational attainment, at least completed post-secondary, population 25+, female (%) (cumulative)",SE.SEC.CUAT.PO.FE.ZS,,,,,,,,,,
Italy,ITA,"Educational attainment, at least completed post-secondary, population 25+, female (%) (cumulative)",SE.SEC.CUAT.PO.FE.ZS,15.85000038,16.44131817,17.62336813,18.15627707,18.43238047,18.40999985,19.35203564,19.59748064,20.83542543,
Jamaica,JAM,"Educational attainment, at least completed post-secondary, population 25+, female (%) (cumulative)",SE.SEC.CUAT.PO.FE.ZS,,,,,,,,,,
Jordan,JOR,"Educational attainment, at least completed post-secondary, population 25+, female (%) (cumulative)",SE.SEC.CUAT.PO.FE.ZS,,,28.37810141,33.63999939,29.26790975,33.84999847,29.4695896,29.23426895,30.86000061,
Japan,JPN,"Educational attainment, at least completed post-secondary, population 25+, female (%) (cumulative)",SE.SEC.CUAT.PO.FE.ZS,,,,,,39.45000076,,,,
Kazakhstan,KAZ,"Educational attainment, at least completed post-secondary, population 25+, female (%) (cumulative)",SE.SEC.CUAT.PO.FE.ZS,,,,79.04000092,,,,,,
Kenya,KEN,"Educational attainment, at least completed post-secondary, population 25+, female (%) (cumulative)",SE.SEC.CUAT.PO.FE.ZS,,,,,3.763327338,,5.198152006,4.681800975,,
Kyrgyz Republic,KGZ,"Educational attainment, at least completed post-secondary, population 25+, female (%) (cumulative)",SE.SEC.CUAT.PO.FE.ZS,,,,,,,,,,
Cambodia,KHM,"Educational attainment, at least completed post-secondary, population 25+, female (%) (cumulative)",SE.SEC.CUAT.PO.FE.ZS,2.720000029,,4.289796953,,9.899126106,4.646794069,4.170862896,,5.138623877,
Kiribati,KIR,"Educational attainment, at least completed post-secondary, population 25+, female (%) (cumulative)",SE.SEC.CUAT.PO.FE.ZS,2.784916951,,,,4.387947127,6.363151343,,,8.735984869,
St. Kitts and Nevis,KNA,"Educational attainment, at least completed post-secondary, population 25+, female (%) (cumulative)",SE.SEC.CUAT.PO.FE.ZS,,,,,,,,,,
"Korea, Rep.",KOR,"Educational attainment, at least completed post-secondary, population 25+, female (%) (cumulative)",SE.SEC.CUAT.PO.FE.ZS,,,,,,,,,,
Kuwait,KWT,"Educational attainment, at least completed post-secondary, population 25+, female (%) (cumulative)",SE.SEC.CUAT.PO.FE.ZS,,,,,,,,,,
Latin America & Caribbean (excluding high income),LAC,"Educational attainment, at least completed post-secondary, population 25+, female (%) (cumulative)",SE.SEC.CUAT.PO.FE.ZS,,,,,,,,,,
Lao PDR,LAO,"Educational attainment, at least completed post-secondary, population 25+, female (%) (cumulative)",SE.SEC.CUAT.PO.FE.ZS,7.6675596,,8.311019929,,,,,10.06980086,,
Lebanon,LBN,"Educational attainment, at least completed post-secondary, population 25+, female (%) (cumulative)",SE.SEC.CUAT.PO.FE.ZS,,,,,28.17922558,,,,,
Liberia,LBR,"Educational attainment, at least completed post-secondary, population 25+, female (%) (cumulative)",SE.SEC.CUAT.PO.FE.ZS,,2.358805617,3.252359316,,,,,,,
Libya,LBY,"Educational attainment, at least completed post-secondary, population 25+, female (%) (cumulative)",SE.SEC.CUAT.PO.FE.ZS,,,,,,,,,,
St. Lucia,LCA,"Educational attainment, at least completed post-secondary, population 25+, female (%) (cumulative)",SE.SEC.CUAT.PO.FE.ZS,,,,,17.57999992,,,,,
Latin America & Caribbean,LCN,"Educational attainment, at least completed post-secondary, population 25+, female (%) (cumulative)",SE.SEC.CUAT.PO.FE.ZS,,,,,,,,,,
Least developed countries: UN classification,LDC,"Educational attainment, at least completed post-secondary, population 25+, female (%) (cumulative)",SE.SEC.CUAT.PO.FE.ZS,,,,,,,,,,
Low income,LIC,"Educational attainment, at least completed post-secondary, population 25+, female (%) (cumulative)",SE.SEC.CUAT.PO.FE.ZS,,,,,,,,,,
Liechtenstein,LIE,"Educational attainment, at least completed post-secondary, population 25+, female (%) (cumulative)",SE.SEC.CUAT.PO.FE.ZS,,,,,,,,,,
Sri Lanka,LKA,"Educational attainment, at least completed post-secondary, population 25+, female (%) (cumulative)",SE.SEC.CUAT.PO.FE.ZS,,,4.107894617,4.512779558,4.798518211,5.084379318,5.323585587,5.45829236,,
Lower middle income,LMC,"Educational attainment, at least completed post-secondary, population 25+, female (%) (cumulative)",SE.SEC.CUAT.PO.FE.ZS,,,,,,,,,,
Low & middle income,LMY,"Educational attainment, at least completed post-secondary, population 25+, female (%) (cumulative)",SE.SEC.CUAT.PO.FE.ZS,,,,,,,,,,
Lesotho,LSO,"Educational attainment, at least completed post-secondary, population 25+, female (%) (cumulative)",SE.SEC.CUAT.PO.FE.ZS,,,,,5.719308578,,,,,
Late-demographic dividend,LTE,"Educational attainment, at least completed post-secondary, population 25+, female (%) (cumulative)",SE.SEC.CUAT.PO.FE.ZS,,,,,,,,,,
Lithuania,LTU,"Educational attainment, at least completed post-secondary, population 25+, female (%) (cumulative)",SE.SEC.CUAT.PO.FE.ZS,56.58000183,57.66999817,58.43000031,59.93920419,61.21110104,62.04000092,65.79184904,68.02512449,68.80731246,
Luxembourg,LUX,"Educational attainment, at least completed post-secondary, population 25+, female (%) (cumulative)",SE.SEC.CUAT.PO.FE.ZS,35.91803844,,,39.21840208,42.11895167,41.09579485,,46.6457115,46.90531822,
Latvia,LVA,"Educational attainment, at least completed post-secondary, population 25+, female (%) (cumulative)",SE.SEC.CUAT.PO.FE.ZS,45.63000107,47.09999847,,51.20000076,55.61999893,,,57.21057223,57.12877555,
"Macao SAR, China",MAC,"Educational attainment, at least completed post-secondary, population 25+, female (%) (cumulative)",SE.SEC.CUAT.PO.FE.ZS,,26,,,,,,,,
St. Martin (French part),MAF,"Educational attainment, at least completed post-secondary, population 25+, female (%) (cumulative)",SE.SEC.CUAT.PO.FE.ZS,,,,,,,,,,
Morocco,MAR,"Educational attainment, at least completed post-secondary, population 25+, female (%) (cumulative)",SE.SEC.CUAT.PO.FE.ZS,,,,,,,,,,
Monaco,MCO,"Educational attainment, at least completed post-secondary, population 25+, female (%) (cumulative)",SE.SEC.CUAT.PO.FE.ZS,,,,,,,,,,
Moldova,MDA,"Educational attainment, at least completed post-secondary, population 25+, female (%) (cumulative)",SE.SEC.CUAT.PO.FE.ZS,,,,,,,22.08625691,22.21543512,23.12958843,24.82224246
Madagascar,MDG,"Educational attainment, at least completed post-secondary, population 25+, female (%) (cumulative)",SE.SEC.CUAT.PO.FE.ZS,6.648816775,,,,,,,,,
Maldives,MDV,"Educational attainment, at least completed post-secondary, population 25+, female (%) (cumulative)",SE.SEC.CUAT.PO.FE.ZS,,17.63287429,,,25.14837427,,,,,
"Middle East, North Africa, Afghanistan & Pakistan",MEA,"Educational attainment, at least completed post-secondary, population 25+, female (%) (cumulative)",SE.SEC.CUAT.PO.FE.ZS,,,,,,,,,,
Mexico,MEX,"Educational attainment, at least completed post-secondary, population 25+, female (%) (cumulative)",SE.SEC.CUAT.PO.FE.ZS,,14.01000023,14.48999977,15.34000015,,18.28000069,,,,
Marshall Islands,MHL,"Educational attainment, at least completed post-secondary, population 25+, female (%) (cumulative)",SE.SEC.CUAT.PO.FE.ZS,,,,,13.82828629,,16.86759729,,,
Middle income,MIC,"Educational attainment, at least completed post-secondary, population 25+, female (%) (cumulative)",SE.SEC.CUAT.PO.FE.ZS,,,,,,,,,,
North Macedonia,MKD,"Educational attainment, at least completed post-secondary, population 25+, female (%) (cumulative)",SE.SEC.CUAT.PO.FE.ZS,18.98581898,20.18290357,20.2476993,20.03231269,20.69770073,22.53000069,22.70176524,23.30369645,,
Mali,MLI,"Educational attainment, at least completed post-secondary, population 25+, female (%) (cumulative)",SE.SEC.CUAT.PO.FE.ZS,5.639999866,2.960000038,0.919482892,3.549999952,2.092198019,1.519999981,,2.183643317,,
Malta,MLT,"Educational attainment, at least completed post-secondary, population 25+, female (%) (cumulative)",SE.SEC.CUAT.PO.FE.ZS,21.43000031,21.96999931,26.26425866,27.68000031,34.04409261,31.76000023,35.38883461,37.35649569,38.66623554,
Myanmar,MMR,"Educational attainment, at least completed post-secondary, population 25+, female (%) (cumulative)",SE.SEC.CUAT.PO.FE.ZS,,,9.005645957,9.470592505,11.48999977,,,,,
"Middle East, North Africa, Afghanistan & Pakistan (excluding high income)",MNA,"Educational attainment, at least completed post-secondary, population 25+, female (%) (cumulative)",SE.SEC.CUAT.PO.FE.ZS,,,,,,,,,,
Montenegro,MNE,"Educational attainment, at least completed post-secondary, population 25+, female (%) (cumulative)",SE.SEC.CUAT.PO.FE.ZS,,,,23.30503535,24.57516755,24.82721398,,,,
Mongolia,MNG,"Educational attainment, at least completed post-secondary, population 25+, female (%) (cumulative)",SE.SEC.CUAT.PO.FE.ZS,42.70544936,43.52479596,44.01110463,,,46.36000061,,56.19502816,57.34142189,
Northern Mariana Islands,MNP,"Educational attainment, at least completed post-secondary, population 25+, female (%) (cumulative)",SE.SEC.CUAT.PO.FE.ZS,,,,,,,,,,
Mozambique,MOZ,"Educational attainment, at least completed post-secondary, population 25+, female (%) (cumulative)",SE.SEC.CUAT.PO.FE.ZS,,,,,,,,1.961317093,,
Mauritania,MRT,"Educational attainment, at least completed post-secondary, population 25+, female (%) (cumulative)",SE.SEC.CUAT.PO.FE.ZS,,,,,,,,,,
Mauritius,MUS,"Educational attainment, at least completed post-secondary, population 25+, female (%) (cumulative)",SE.SEC.CUAT.PO.FE.ZS,17.34756841,16.98736151,17.62008075,18.73203304,19.45509875,18.50080032,20.05080433,,,
Malawi,MWI,"Educational attainment, at least completed post-secondary, population 25+, female (%) (cumulative)",SE.SEC.CUAT.PO.FE.ZS,,,1.924716844,,,1.760147498,,,,
Malaysia,MYS,"Educational attainment, at least completed post-secondary, population 25+, female (%) (cumulative)",SE.SEC.CUAT.PO.FE.ZS,,21.71999931,,,23.44000053,,,25.04999924,,
North America,NAC,"Educational attainment, at least completed post-secondary, population 25+, female (%) (cumulative)",SE.SEC.CUAT.PO.FE.ZS,,,,,,,,,,
Namibia,NAM,"Educational attainment, at least completed post-secondary, population 25+, female (%) (cumulative)",SE.SEC.CUAT.PO.FE.ZS,,,,,,,,,14.05000019,
New Caledonia,NCL,"Educational attainment, at least completed post-secondary, population 25+, female (%) (cumulative)",SE.SEC.CUAT.PO.FE.ZS,,,,,,,,,,
Niger,NER,"Educational attainment, at least completed post-secondary, population 25+, female (%) (cumulative)",SE.SEC.CUAT.PO.FE.ZS,,,0.824791319,,0.670622307,,,0.77184039,,
Nigeria,NGA,"Educational attainment, at least completed post-secondary, population 25+, female (%) (cumulative)",SE.SEC.CUAT.PO.FE.ZS,,10.66477331,,,13.02926333,,,37.81234332,40.3712865,
Nicaragua,NIC,"Educational attainment, at least completed post-secondary, population 25+, female (%) (cumulative)",SE.SEC.CUAT.PO.FE.ZS,,,,,,,,,,
Netherlands,NLD,"Educational attainment, at least completed post-secondary, population 25+, female (%) (cumulative)",SE.SEC.CUAT.PO.FE.ZS,29.17000008,30.06999969,32.18285419,31.89999962,35.14441566,35.65999985,37.1460261,38.10793421,38.80121054,
Norway,NOR,"Educational attainment, at least completed post-secondary, population 25+, female (%) (cumulative)",SE.SEC.CUAT.PO.FE.ZS,40.20000076,41.18999863,42.27999878,46.75882642,44.09999847,48.83302535,,47.47884732,50.84985763,
Nepal,NPL,"Educational attainment, at least completed post-secondary, population 25+, female (%) (cumulative)",SE.SEC.CUAT.PO.FE.ZS,,,7.839997985,,,,,,,
Nauru,NRU,"Educational attainment, at least completed post-secondary, population 25+, female (%) (cumulative)",SE.SEC.CUAT.PO.FE.ZS,,,,,,,,,,
New Zealand,NZL,"Educational attainment, at least completed post-secondary, population 25+, female (%) (cumulative)",SE.SEC.CUAT.PO.FE.ZS,39.83000183,41.83000183,,,,48.13999939,,,,
OECD members,OED,"Educational attainment, at least completed post-secondary, population 25+, female (%) (cumulative)",SE.SEC.CUAT.PO.FE.ZS,,,,,,,,,,
Oman,OMN,"Educational attainment, at least completed post-secondary, population 25+, female (%) (cumulative)",SE.SEC.CUAT.PO.FE.ZS,27.17000008,,,,,31.46999931,,33.90000153,,
Other small states,OSS,"Educational attainment, at least completed post-secondary, population 25+, female (%) (cumulative)",SE.SEC.CUAT.PO.FE.ZS,,,,,,,,,,
Pakistan,PAK,"Educational attainment, at least completed post-secondary, population 25+, female (%) (cumulative)",SE.SEC.CUAT.PO.FE.ZS,6.032196038,10.31029124,6.170000076,6.329024448,6.810702695,,7.081359579,,,
Panama,PAN,"Educational attainment, at least completed post-secondary, population 25+, female (%) (cumulative)",SE.SEC.CUAT.PO.FE.ZS,,,,,29.95999908,,,19.67254729,19.8091542,18.16080341
Peru,PER,"Educational attainment, at least completed post-secondary, population 25+, female (%) (cumulative)",SE.SEC.CUAT.PO.FE.ZS,,,,,,,,,,
Philippines,PHL,"Educational attainment, at least completed post-secondary, population 25+, female (%) (cumulative)",SE.SEC.CUAT.PO.FE.ZS,,,23.14999962,,33.13999939,37.25999832,29.31384809,28.89302834,,
Palau,PLW,"Educational attainment, at least completed post-secondary, population 25+, female (%) (cumulative)",SE.SEC.CUAT.PO.FE.ZS,,,,,,41.12961622,,,,
Papua New Guinea,PNG,"Educational attainment, at least completed post-secondary, population 25+, female (%) (cumulative)",SE.SEC.CUAT.PO.FE.ZS,,,,,,,,10.46958049,,
Poland,POL,"Educational attainment, at least completed post-secondary, population 25+, female (%) (cumulative)",SE.SEC.CUAT.PO.FE.ZS,31.69952357,32.50999832,33.76608085,34.40652815,35.10735958,36.20999908,,,,
Pre-demographic dividend,PRE,"Educational attainment, at least completed post-secondary, population 25+, female (%) (cumulative)",SE.SEC.CUAT.PO.FE.ZS,,,,,,,,,,
Puerto Rico (US),PRI,"Educational attainment, at least completed post-secondary, population 25+, female (%) (cumulative)",SE.SEC.CUAT.PO.FE.ZS,,,55.34999847,,,43.93776903,,,,
"Korea, Dem. People's Rep.",PRK,"Educational attainment, at least completed post-secondary, population 25+, female (%) (cumulative)",SE.SEC.CUAT.PO.FE.ZS,,,,,,,,,,
Portugal,PRT,"Educational attainment, at least completed post-secondary, population 25+, female (%) (cumulative)",SE.SEC.CUAT.PO.FE.ZS,21.07999992,22.02000046,22.39999962,21.98999977,23.77000046,25.80999947,26.31791229,26.81985352,26.83318393,28.81111587
Paraguay,PRY,"Educational attainment, at least completed post-secondary, population 25+, female (%) (cumulative)",SE.SEC.CUAT.PO.FE.ZS,,,,,,,,,,
West Bank and Gaza,PSE,"Educational attainment, at least completed post-secondary, population 25+, female (%) (cumulative)",SE.SEC.CUAT.PO.FE.ZS,,,,,,,,,,
Pacific island small states,PSS,"Educational attainment, at least completed post-secondary, population 25+, female (%) (cumulative)",SE.SEC.CUAT.PO.FE.ZS,,,,,,,,,,
Post-demographic dividend,PST,"Educational attainment, at least completed post-secondary, population 25+, female (%) (cumulative)",SE.SEC.CUAT.PO.FE.ZS,,,,,,,,,,
French Polynesia,PYF,"Educational attainment, at least completed post-secondary, population 25+, female (%) (cumulative)",SE.SEC.CUAT.PO.FE.ZS,,,,,,,,,,
Qatar,QAT,"Educational attainment, at least completed post-secondary, population 25+, female (%) (cumulative)",SE.SEC.CUAT.PO.FE.ZS,,40.25,41.06000137,,,,,53.43999863,,
Romania,ROU,"Educational attainment, at least completed post-secondary, population 25+, female (%) (cumulative)",SE.SEC.CUAT.PO.FE.ZS,17.57999992,17.61000061,17.80999947,18.24080137,18.65999985,19.04999924,19.32999992,20.46999931,19.75908416,
Russian Federation,RUS,"Educational attainment, at least completed post-secondary, population 25+, female (%) (cumulative)",SE.SEC.CUAT.PO.FE.ZS,,,,,,,76.87000275,,,
Rwanda,RWA,"Educational attainment, at least completed post-secondary, population 25+, female (%) (cumulative)",SE.SEC.CUAT.PO.FE.ZS,,,5.416464623,,5.921488019,5.787480932,5.485997629,,4.694903753,5.211651334
South Asia,SAS,"Educational attainment, at least completed post-secondary, population 25+, female (%) (cumulative)",SE.SEC.CUAT.PO.FE.ZS,,,,,,,,,,
Saudi Arabia,SAU,"Educational attainment, at least completed post-secondary, population 25+, female (%) (cumulative)",SE.SEC.CUAT.PO.FE.ZS,,,30.79999924,28.82540411,29.54239063,36.43999863,37.36928275,38.88770129,41.06264102,40.93485
Sudan,SDN,"Educational attainment, at least completed post-secondary, population 25+, female (%) (cumulative)",SE.SEC.CUAT.PO.FE.ZS,,,,,,,,11.836417,,
Senegal,SEN,"Educational attainment, at least completed post-secondary, population 25+, female (%) (cumulative)",SE.SEC.CUAT.PO.FE.ZS,3.458150763,2.321101689,4.550000191,,2.380515291,,,3.78000883,,
Singapore,SGP,"Educational attainment, at least completed post-secondary, population 25+, female (%) (cumulative)",SE.SEC.CUAT.PO.FE.ZS,47.95000076,48.52999878,50.31000137,51.52999878,53.56999969,55.09000015,58.36999893,60.09000015,,
Solomon Islands,SLB,"Educational attainment, at least completed post-secondary, population 25+, female (%) (cumulative)",SE.SEC.CUAT.PO.FE.ZS,,,,,,,,,,
Sierra Leone,SLE,"Educational attainment, at least completed post-secondary, population 25+, female (%) (cumulative)",SE.SEC.CUAT.PO.FE.ZS,,,,3.47948135,,,,,,
El Salvador,SLV,"Educational attainment, at least completed post-secondary, population 25+, female (%) (cumulative)",SE.SEC.CUAT.PO.FE.ZS,,,,,,,,,,
San Marino,SMR,"Educational attainment, at least completed post-secondary, population 25+, female (%) (cumulative)",SE.SEC.CUAT.PO.FE.ZS,,,,17.45000076,,20.30999947,,19.64999962,,
"Somalia, Fed. Rep.",SOM,"Educational attainment, at least completed post-secondary, population 25+, female (%) (cumulative)",SE.SEC.CUAT.PO.FE.ZS,,,,,,,,,,
Serbia,SRB,"Educational attainment, at least completed post-secondary, population 25+, female (%) (cumulative)",SE.SEC.CUAT.PO.FE.ZS,20.79999924,21.75,21.88999939,22.80781323,22.90999985,23.58326198,24.54607891,26.73999977,26.0098706,27.39896786
Sub-Saharan Africa (excluding high income),SSA,"Educational attainment, at least completed post-secondary, population 25+, female (%) (cumulative)",SE.SEC.CUAT.PO.FE.ZS,,,,,,,,,,
South Sudan,SSD,"Educational attainment, at least completed post-secondary, population 25+, female (%) (cumulative)",SE.SEC.CUAT.PO.FE.ZS,,,,,,,,,,
Sub-Saharan Africa,SSF,"Educational attainment, at least completed post-secondary, population 25+, female (%) (cumulative)",SE.SEC.CUAT.PO.FE.ZS,,,,,,,,,,
Small states,SST,"Educational attainment, at least completed post-secondary, population 25+, female (%) (cumulative)",SE.SEC.CUAT.PO.FE.ZS,,,,,,,,,,
Sao Tome and Principe,STP,"Educational attainment, at least completed post-secondary, population 25+, female (%) (cumulative)",SE.SEC.CUAT.PO.FE.ZS,,,,,,,,,,
Suriname,SUR,"Educational attainment, at least completed post-secondary, population 25+, female (%) (cumulative)",SE.SEC.CUAT.PO.FE.ZS,,,,,,,,,,
Slovak Republic,SVK,"Educational attainment, at least completed post-secondary, population 25+, female (%) (cumulative)",SE.SEC.CUAT.PO.FE.ZS,21.78000069,23.12000084,24.54999924,26.07999992,27.31999969,28.30248865,29.57746584,30.83099128,29.53164525,
Slovenia,SVN,"Educational attainment, at least completed post-secondary, population 25+, female (%) (cumulative)",SE.SEC.CUAT.PO.FE.ZS,,,,,,,,,,
Sweden,SWE,"Educational attainment, at least completed post-secondary, population 25+, female (%) (cumulative)",SE.SEC.CUAT.PO.FE.ZS,40.52999878,41.38999939,42.24000168,,44.02999878,,54.41905543,55.92238293,57.47505918,
Eswatini,SWZ,"Educational attainment, at least completed post-secondary, population 25+, female (%) (cumulative)",SE.SEC.CUAT.PO.FE.ZS,,,,,,,14.36927972,,18.27359033,
Sint Maarten (Dutch part),SXM,"Educational attainment, at least completed post-secondary, population 25+, female (%) (cumulative)",SE.SEC.CUAT.PO.FE.ZS,,,,,,,,,,
Seychelles,SYC,"Educational attainment, at least completed post-secondary, population 25+, female (%) (cumulative)",SE.SEC.CUAT.PO.FE.ZS,,,,,,,,,20.58521898,
Syrian Arab Republic,SYR,"Educational attainment, at least completed post-secondary, population 25+, female (%) (cumulative)",SE.SEC.CUAT.PO.FE.ZS,,,,,,,,,,
Turks and Caicos Islands,TCA,"Educational attainment, at least completed post-secondary, population 25+, female (%) (cumulative)",SE.SEC.CUAT.PO.FE.ZS,,,,,,,,,,
Chad,TCD,"Educational attainment, at least completed post-secondary, population 25+, female (%) (cumulative)",SE.SEC.CUAT.PO.FE.ZS,,,,1.526426859,,,,,,
East Asia & Pacific (IDA & IBRD countries),TEA,"Educational attainment, at least completed post-secondary, population 25+, female (%) (cumulative)",SE.SEC.CUAT.PO.FE.ZS,,,,,,,,,,
Europe & Central Asia (IDA & IBRD countries),TEC,"Educational attainment, at least completed post-secondary, population 25+, female (%) (cumulative)",SE.SEC.CUAT.PO.FE.ZS,,,,,,,,,,
Togo,TGO,"Educational attainment, at least completed post-secondary, population 25+, female (%) (cumulative)",SE.SEC.CUAT.PO.FE.ZS,,,3.671577369,,3.25201645,,,3.326733553,,
Thailand,THA,"Educational attainment, at least completed post-secondary, population 25+, female (%) (cumulative)",SE.SEC.CUAT.PO.FE.ZS,,,,,,,,,,
Tajikistan,TJK,"Educational attainment, at least completed post-secondary, population 25+, female (%) (cumulative)",SE.SEC.CUAT.PO.FE.ZS,,,,,,,,,,
Turkmenistan,TKM,"Educational attainment, at least completed post-secondary, population 25+, female (%) (cumulative)",SE.SEC.CUAT.PO.FE.ZS,,,,,,,,19.87999916,,
Latin America & the Caribbean (IDA & IBRD countries),TLA,"Educational attainment, at least completed post-secondary, population 25+, female (%) (cumulative)",SE.SEC.CUAT.PO.FE.ZS,,,,,,,,,,
Timor-Leste,TLS,"Educational attainment, at least completed post-secondary, population 25+, female (%) (cumulative)",SE.SEC.CUAT.PO.FE.ZS,,5.871577822,,,,,,23.21999931,,
"Middle East, North Africa, Afghanistan & Pakistan (IDA & IBRD)",TMN,"Educational attainment, at least completed post-secondary, population 25+, female (%) (cumulative)",SE.SEC.CUAT.PO.FE.ZS,,,,,,,,,,
Tonga,TON,"Educational attainment, at least completed post-secondary, population 25+, female (%) (cumulative)",SE.SEC.CUAT.PO.FE.ZS,,16.70683795,,19.2834863,,,24.426249,,23.99371523,
South Asia (IDA & IBRD),TSA,"Educational attainment, at least completed post-secondary, population 25+, female (%) (cumulative)",SE.SEC.CUAT.PO.FE.ZS,,,,,,,,,,
Sub-Saharan Africa (IDA & IBRD countries),TSS,"Educational attainment, at least completed post-secondary, population 25+, female (%) (cumulative)",SE.SEC.CUAT.PO.FE.ZS,,,,,,,,,,
Trinidad and Tobago,TTO,"Educational attainment, at least completed post-secondary, population 25+, female (%) (cumulative)",SE.SEC.CUAT.PO.FE.ZS,,,,,,,,,,
Tunisia,TUN,"Educational attainment, at least completed post-secondary, population 25+, female (%) (cumulative)",SE.SEC.CUAT.PO.FE.ZS,,14.78999996,,,16.95000076,,,,,
Turkiye,TUR,"Educational attainment, at least completed post-secondary, population 25+, female (%) (cumulative)",SE.SEC.CUAT.PO.FE.ZS,,,,,,,,,,
Tuvalu,TUV,"Educational attainment, at least completed post-secondary, population 25+, female (%) (cumulative)",SE.SEC.CUAT.PO.FE.ZS,,19.56875193,8.136381248,,,,,,,
Tanzania,TZA,"Educational attainment, at least completed post-secondary, population 25+, female (%) (cumulative)",SE.SEC.CUAT.PO.FE.ZS,,,,,,,,,,
Uganda,UGA,"Educational attainment, at least completed post-secondary, population 25+, female (%) (cumulative)",SE.SEC.CUAT.PO.FE.ZS,,,7.274221136,,8.880605655,,9.878343253,,,
Ukraine,UKR,"Educational attainment, at least completed post-secondary, population 25+, female (%) (cumulative)",SE.SEC.CUAT.PO.FE.ZS,,,,,,,,,,
Upper middle income,UMC,"Educational attainment, at least completed post-secondary, population 25+, female (%) (cumulative)",SE.SEC.CUAT.PO.FE.ZS,,,,,,,,,,
Uruguay,URY,"Educational attainment, at least completed post-secondary, population 25+, female (%) (cumulative)",SE.SEC.CUAT.PO.FE.ZS,,,,,,,,,,
United States,USA,"Educational attainment, at least completed post-secondary, population 25+, female (%) (cumulative)",SE.SEC.CUAT.PO.FE.ZS,,,,,,,,,,
Uzbekistan,UZB,"Educational attainment, at least completed post-secondary, population 25+, female (%) (cumulative)",SE.SEC.CUAT.PO.FE.ZS,,,,,,,,,,
St. Vincent and the Grenadines,VCT,"Educational attainment, at least completed post-secondary, population 25+, female (%) (cumulative)",SE.SEC.CUAT.PO.FE.ZS,,,3.420000076,,,,,,,
"Venezuela, RB",VEN,"Educational attainment, at least completed post-secondary, population 25+, female (%) (cumulative)",SE.SEC.CUAT.PO.FE.ZS,35.47000122,39.74000168,34.94200669,,,,,,,
British Virgin Islands,VGB,"Educational attainment, at least completed post-secondary, population 25+, female (%) (cumulative)",SE.SEC.CUAT.PO.FE.ZS,,,,,,,,,,
Virgin Islands (U.S.),VIR,"Educational attainment, at least completed post-secondary, population 25+, female (%) (cumulative)",SE.SEC.CUAT.PO.FE.ZS,,,,,,,,,,
Viet Nam,VNM,"Educational attainment, at least completed post-secondary, population 25+, female (%) (cumulative)",SE.SEC.CUAT.PO.FE.ZS,,,,,,17.55116703,16.92902307,22.06999969,18.72145519,
Vanuatu,VUT,"Educational attainment, at least completed post-secondary, population 25+, female (%) (cumulative)",SE.SEC.CUAT.PO.FE.ZS,,,,,6.559372495,5.223960267,,,,
World,WLD,"Educational attainment, at least completed post-secondary, population 25+, female (%) (cumulative)",SE.SEC.CUAT.PO.FE.ZS,,,,,,,,,,
Samoa,WSM,"Educational attainment, at least completed post-secondary, population 25+, female (%) (cumulative)",SE.SEC.CUAT.PO.FE.ZS,,,,,,,,24.20909845,,
Kosovo,XKX,"Educational attainment, at least completed post-secondary, population 25+, female (%) (cumulative)",SE.SEC.CUAT.PO.FE.ZS,,,,,,,,,,
"Yemen, Rep.",YEM,"Educational attainment, at least completed post-secondary, population 25+, female (%) (cumulative)",SE.SEC.CUAT.PO.FE.ZS,,,,,,,,,,
South Africa,ZAF,"Educational attainment, at least completed post-secondary, population 25+, female (%) (cumulative)",SE.SEC.CUAT.PO.FE.ZS,14.96000004,14.57125891,13.68999958,14.94676554,15.4934468,,48.61000061,,,51.06999969
Zambia,ZMB,"Educational attainment, at least completed post-secondary, population 25+, female (%) (cumulative)",SE.SEC.CUAT.PO.FE.ZS,5.960860411,,7.41192889,,,,,,8.521306993,
Zimbabwe,ZWE,"Educational attainment, at least completed post-secondary, population 25+, female (%) (cumulative)",SE.SEC.CUAT.PO.FE.ZS,,,,,,,,,,